{"expected_shortfall":0.5899624494097084,"value_at_risk":-0.009528544711918437}